Directory,Filename,CreateDate,GPSLatitude,GPSLongitude
/Users/eddiedickey/Flickr/2014,mill-valley_14637782334_o.jpg,2014:07:06 14:30:32,,
/Users/eddiedickey/Flickr/2014,path-up-ring-mtg_15257366818_o.jpg,2014:10:04 18:04:51,37.9276625,-122.510186388889
/Users/eddiedickey/Flickr/2014,ice-cream-summer-solstice-2014_14685549061_o.jpg,2014:06:21 20:51:01,38.0136861111111,-122.560061111111
/Users/eddiedickey/Flickr/2014,football_15102404753_o.jpg,,,
/Users/eddiedickey/Flickr/2014,south-fork-gallinas-creek_14320053125_o.jpg,2014:05:24 17:11:43,38.0088216666667,-122.524187222222
/Users/eddiedickey/Flickr/2014,football_15453416790_o.jpg,,,
/Users/eddiedickey/Flickr/2014,evening-home_14134301327_o.jpg,2014:03:15 19:43:53,37.9638747222222,-122.496012777778
/Users/eddiedickey/Flickr/2014,merry-christmas-yall_15922108497.mp4,2014:12:06 08:19:20,,
/Users/eddiedickey/Flickr/2014,docking-at-the-ferry-building_14502306037_o.jpg,2014:06:25 07:59:13,37.7939466666667,-122.388008611111
/Users/eddiedickey/Flickr/2014,football_15325251469_o.jpg,,,
/Users/eddiedickey/Flickr/2014,football_15018820803_o.jpg,,,
/Users/eddiedickey/Flickr/2014,football_15419719397_o.jpg,,,
/Users/eddiedickey/Flickr/2014,bro-his-wife--josie_15373319132_o.jpg,2014:09:27 12:45:35,38.95772,-120.081169444444
/Users/eddiedickey/Flickr/2014,holiday-baking_16023249925_o.jpg,,,
/Users/eddiedickey/Flickr/2014,cal-baseball-game_14023626120_o.jpg,2014:05:17 15:19:32,37.8710947222222,-122.264931388889
/Users/eddiedickey/Flickr/2014,video_22133646328.mov,2014:05:17 23:44:03,37.8701,-122.2629
/Users/eddiedickey/Flickr/2014,football_15606548762_o.jpg,,,
/Users/eddiedickey/Flickr/2014,football_14985570813_o.jpg,,,
/Users/eddiedickey/Flickr/2014,view-from-blackies-pasture_15152029129_o.jpg,2014:09:23 18:50:46,37.8854416666667,-122.507902777778
/Users/eddiedickey/Flickr/2014,girlfriend_15891276061_o.jpg,2014:11:27 11:52:10,37.9072933333333,-122.551308611111
/Users/eddiedickey/Flickr/2014,football_15419087189_o.jpg,,,
/Users/eddiedickey/Flickr/2014,football_15536603907_o.jpg,,,
/Users/eddiedickey/Flickr/2014,a-good-dog_14502073870_o.jpg,,,
/Users/eddiedickey/Flickr/2014,tennessee-valley-beach_14453544327_o.jpg,2014:06:29 16:59:41,37.8417358333333,-122.552117777778
/Users/eddiedickey/Flickr/2014,lake-lagunitas_14131142828_o.jpg,2014:05:26 16:11:29,37.9473833333333,-122.597661944444
/Users/eddiedickey/Flickr/2014,football_15721789495_o.jpg,,,
/Users/eddiedickey/Flickr/2014,football_15419609548_o.jpg,,,
/Users/eddiedickey/Flickr/2014,football_15453014207_o.jpg,,,
/Users/eddiedickey/Flickr/2014,tennessee-valley-beach_14390613827_o.jpg,2014:06:29 17:01:15,37.8417516666667,-122.552173333333
/Users/eddiedickey/Flickr/2014,tiburon_14932715710_o.jpg,2014:09:01 18:31:44,37.8750169444444,-122.454837222222
/Users/eddiedickey/Flickr/2014,football_15420128040_o.jpg,,,
/Users/eddiedickey/Flickr/2014,rodin-the-thinker_15135100603_o.jpg,2014:11:09 15:17:50,37.7846975,-122.500019166667
/Users/eddiedickey/Flickr/2014,football_15419610328_o.jpg,,,
/Users/eddiedickey/Flickr/2014,tiburon-ferry_14502109529_o.jpg,2014:06:08 14:43:19,37.8729461111111,-122.4557025
/Users/eddiedickey/Flickr/2014,directions_14134097839_o.jpg,2014:05:25 17:17:03,37.8489638888889,-122.545958333333
/Users/eddiedickey/Flickr/2014,christmas-into-the-new-year_15524956684_o.jpg,2014:12:28 17:54:17,,
/Users/eddiedickey/Flickr/2014,thanksgiving_15488350153.mp4,2014:11:27 02:00:52,,
/Users/eddiedickey/Flickr/2014,philz-sausalito_14320123154_o.jpg,2014:05:11 14:53:39,37.8734113888889,-122.491180277778
/Users/eddiedickey/Flickr/2014,football_15018253014_o.jpg,,,
/Users/eddiedickey/Flickr/2014,view-while-recovering_14636589784_o.jpg,2014:07:09 13:20:50,37.9519513888889,-122.542294722222
/Users/eddiedickey/Flickr/2014,september-snow_15373631035_o.jpg,2014:09:27 12:38:07,38.9468225,-119.959464444444
/Users/eddiedickey/Flickr/2014,meditation-point_15239164969_o.jpg,2014:09:30 15:46:25,37.9433508333333,-122.511773055556
/Users/eddiedickey/Flickr/2014,diwali_15727733112_o.jpg,2014:11:06 10:34:36,37.9439633333333,-122.512383055556
/Users/eddiedickey/Flickr/2014,a-break-between-storms_15666985340_o.jpg,2014:11:22 13:00:03,38.1216077777778,-122.267970555556
/Users/eddiedickey/Flickr/2014,football_15615279656_o.jpg,,,
/Users/eddiedickey/Flickr/2014,emerald-bay_15199569929_o.jpg,2014:09:27 13:20:33,38.9577769444444,-120.081127777778
/Users/eddiedickey/Flickr/2014,football_15453417000_o.jpg,,,
/Users/eddiedickey/Flickr/2014,bridge-over-stream-bed_14313802881_o.jpg,2014:05:26 16:28:09,37.9436277777778,-122.595028333333
/Users/eddiedickey/Flickr/2014,hatch-chilies_15023304642_o.jpg,2014:08:24 11:39:25,37.9473133333333,-122.523554444444
/Users/eddiedickey/Flickr/2014,muddy-boots_15983428265_o.jpg,,,
/Users/eddiedickey/Flickr/2014,juniors_13938073321_o.jpg,2014:04:06 17:47:02,,
/Users/eddiedickey/Flickr/2014,football_15018252324_o.jpg,,,
/Users/eddiedickey/Flickr/2014,arrow-to-your-heart_13938990021_o.jpg,2014:04:11 12:52:51,,
/Users/eddiedickey/Flickr/2014,view-from-kitchen_15733310228_o.jpg,2014:11:30 12:36:57,37.9073463888889,-122.551279444444
/Users/eddiedickey/Flickr/2014,football_15325576537_o.jpg,,,
/Users/eddiedickey/Flickr/2014,glass_14502120028_o.jpg,2014:06:13 07:36:04,37.9429966666667,-122.480603611111
/Users/eddiedickey/Flickr/2014,football_15420127690_o.jpg,,,
/Users/eddiedickey/Flickr/2014,spinnaker-point_14686336844_o.jpg,2014:06:26 08:57:21,37.9504977777778,-122.479788888889
/Users/eddiedickey/Flickr/2014,football_15337417267_o.jpg,,,
/Users/eddiedickey/Flickr/2014,home-skies_14134240750_o.jpg,2014:01:24 17:27:17,37.9653547222222,-122.4940725
/Users/eddiedickey/Flickr/2014,view-from-the-new-living-room_15418640376_o.jpg,2014:10:04 16:31:57,37.9673652777778,-122.518741944444
/Users/eddiedickey/Flickr/2014,my-bro--josie-whails_15186975128_o.jpg,2014:09:27 12:43:46,38.95772,-120.081169444444
/Users/eddiedickey/Flickr/2014,football_15723334032_o.jpg,,,
/Users/eddiedickey/Flickr/2014,a-path_14616933266_o.jpg,2014:07:05 11:13:59,37.9056133333333,-122.547444444444
/Users/eddiedickey/Flickr/2014,tee-shot_14390432829_o.jpg,2014:07:04 18:26:25,38.0227625,-122.520222777778
/Users/eddiedickey/Flickr/2014,the-banks-of-corte-madera-creek_14390410578_o.jpg,2014:07:04 14:11:34,37.9529302777778,-122.5429275
/Users/eddiedickey/Flickr/2014,football_15536356308_o.jpg,,,
/Users/eddiedickey/Flickr/2014,football_15719869321_o.jpg,,,
/Users/eddiedickey/Flickr/2014,view-from-ring-mtn_14338001263_o.jpg,2014:05:23 17:39:06,37.9112563888889,-122.496106388889
/Users/eddiedickey/Flickr/2014,football_15419087119_o.jpg,,,
/Users/eddiedickey/Flickr/2014,back-on-ring-mtn_15257366058_o.jpg,2014:10:04 18:30:23,37.9153377777778,-122.493338888889
/Users/eddiedickey/Flickr/2014,football-practice_14782660172_o.jpg,,37.9984277777778,-122.552002777778
/Users/eddiedickey/Flickr/2014,kayak_14294489476_o.jpg,2014:04:05 13:48:56,,
/Users/eddiedickey/Flickr/2014,football_15723334152_o.jpg,,,
/Users/eddiedickey/Flickr/2014,tennessee-valley_14390614407_o.jpg,2014:06:29 16:46:01,37.8479163888889,-122.547611666667
/Users/eddiedickey/Flickr/2014,tennessee-valley-beach_14636702541_o.jpg,2014:06:29 17:03:06,37.8416869444444,-122.552215277778
/Users/eddiedickey/Flickr/2014,football_15605714875_o.jpg,,,
/Users/eddiedickey/Flickr/2014,video_22134434949.mov,2014:05:17 23:45:33,37.8701,-122.263
/Users/eddiedickey/Flickr/2014,almond-milk-latte_14342604343_o.jpg,2014:06:01 10:18:25,37.8989419444444,-122.500931944444
/Users/eddiedickey/Flickr/2014,nose-tackle---sacked-qb_14986800767_o.jpg,2014:09:07 17:06:12,38.0894755555556,-122.575625277778
/Users/eddiedickey/Flickr/2014,muir-beach_14131121107_o.jpg,2014:01:15 14:21:26,37.8594988888889,-122.578453888889
/Users/eddiedickey/Flickr/2014,tennessee-valley_14320707955_o.jpg,2014:05:25 16:58:34,37.8556869444444,-122.539444166667
/Users/eddiedickey/Flickr/2014,summer-time-ice-cream_14636729821_o.jpg,2014:06:29 20:51:20,37.9474119444444,-122.509181944444
/Users/eddiedickey/Flickr/2014,football_15419719677_o.jpg,,,
/Users/eddiedickey/Flickr/2014,football_15636313721_o.jpg,,,
/Users/eddiedickey/Flickr/2014,football_15297972608_o.jpg,,,
/Users/eddiedickey/Flickr/2014,football_15489000246_o.jpg,,,
/Users/eddiedickey/Flickr/2014,football_15509012331_o.jpg,,,
/Users/eddiedickey/Flickr/2014,kids-with-my-brother_14134150560_o.png,,,
/Users/eddiedickey/Flickr/2014,view-from-the-top_14587740542_o.jpg,,37.9111722222222,-122.496402777778
/Users/eddiedickey/Flickr/2014,wood-fire-cold-november-night_15229165843_o.jpg,2014:11:21 18:33:54,37.9602663888889,-122.514814166667
/Users/eddiedickey/Flickr/2015,dancing-at-georges_17129747000_o.jpg,,,
/Users/eddiedickey/Flickr/2015,video_18514709581.mov,2015:04:25 05:21:01,37.9601,-122.5141
/Users/eddiedickey/Flickr/2015,video_23859301010.mov,2015:09:27 01:39:11,37.896,-122.6395
/Users/eddiedickey/Flickr/2015,tuck-house_16330365972.mp4,2015:01:18 23:09:49,,
/Users/eddiedickey/Flickr/2015,video_18704615723.mov,2015:05:25 23:29:06,,
/Users/eddiedickey/Flickr/2015,video_18713561562.mov,2015:05:23 23:01:53,37.4655,-122.4416
/Users/eddiedickey/Flickr/2015,video_21049839179.mov,2015:06:20 22:37:42,37.7788,-122.39
/Users/eddiedickey/Flickr/2015,valentines-stow-lake_16782996606.mp4,2015:02:14 13:52:48,,
/Users/eddiedickey/Flickr/2015,nordic-four_23583347690_o.jpg,2015:12:19 13:52:13,38.9043694444444,-119.989625
/Users/eddiedickey/Flickr/2015,casanova-wine-cellar_16124066589_o.jpg,2015:01:17 22:55:16,,
/Users/eddiedickey/Flickr/2015,lone-cypress_16323237325_o.jpg,,,
/Users/eddiedickey/Flickr/2015,at-the-ballgame_16808944605_o.jpg,2015:03:08 12:42:20,38.0043036111111,-122.552983333333
/Users/eddiedickey/Flickr/2015,video_18144388969.mov,2015:05:25 18:28:23,37.9054,-122.5475
/Users/eddiedickey/Flickr/2015,17-mile-drive_16145058667.mp4,2015:01:19 01:54:30,,
/Users/eddiedickey/Flickr/2015,video_18059221801.mov,2015:05:17 02:42:32,38.0181,-122.5725
/Users/eddiedickey/Flickr/2015,video_24842729199.mov,2015:11:12 03:15:00,37.9072,-122.5513
/Users/eddiedickey/Flickr/2015,carmelites_16305168726.mp4,2015:01:18 01:16:21,,
/Users/eddiedickey/Flickr/2015,video_19138896500.mov,2015:06:20 22:36:41,37.7788,-122.3894
/Users/eddiedickey/Flickr/2015,2015-marin-highlanders-rugby_16195673413_o.jpg,2015:03:14 11:22:30,37.9369833333333,-122.527470833333
/Users/eddiedickey/Flickr/2015,video_18515476891.mov,2015:04:02 01:48:25,38.0043,-122.5528
/Users/eddiedickey/Flickr/2015,video_24079938991.mov,2015:12:27 17:36:19,39.6428,-106.6045
/Users/eddiedickey/Flickr/2015,video_24134923396.mov,2015:12:26 23:24:26,39.6427,-106.604
/Users/eddiedickey/Flickr/2015,video_23865975360.mov,2015:12:27 17:35:03,39.6427,-106.6041
/Users/eddiedickey/Flickr/2015,video_18077621284.mov,2015:04:25 05:46:26,37.9712,-122.5226
/Users/eddiedickey/Flickr/2015,video_25482033654.mov,2015:07:27 01:45:26,37.9211,-122.5668
/Users/eddiedickey/Flickr/2015,video_24035037222.mov,2015:11:02 01:52:14,38.2336,-122.6409
/Users/eddiedickey/Flickr/2015,video_25812741550.mov,2015:08:11 00:33:54,37.9012,-122.5281
/Users/eddiedickey/Flickr/2015,video_21278808212.mov,2015:08:08 03:41:17,37.8565,-122.4808
/Users/eddiedickey/Flickr/2015,video_18531891241.mov,2015:05:25 18:09:38,37.9054,-122.5475
/Users/eddiedickey/Flickr/2015,video_24060514001.mov,2015:12:28 02:20:46,39.6428,-106.6041
/Users/eddiedickey/Flickr/2015,video_24143661595.mov,2015:12:26 17:39:41,39.6425,-106.5848
/Users/eddiedickey/Flickr/2015,video_26018940891.mov,2015:06:11 02:31:57,38.0302,-122.5472
/Users/eddiedickey/Flickr/2015,video_21428453965.mov,2015:09:13 15:59:05,34.0212,-118.5062
/Users/eddiedickey/Flickr/2015,video_18168624004.mov,2015:06:11 02:19:56,38.0303,-122.547
/Users/eddiedickey/Flickr/2015,video_25483138553.mov,2015:08:11 00:44:47,37.9012,-122.5282
/Users/eddiedickey/Flickr/2015,the-catch-in-napa_20942945249.mov,2015:09:04 05:07:49,,
/Users/eddiedickey/Flickr/2015,video_23784817479.mov,2015:12:26 17:40:29,39.6425,-106.5848
/Users/eddiedickey/Flickr/2015,video_23857612210.mov,2015:12:28 00:39:47,39.6427,-106.6044
/Users/eddiedickey/Flickr/2015,video_18327585308.mov,2015:04:25 06:42:40,37.9716,-122.5233
/Users/eddiedickey/Flickr/2015,video_18338129598.mov,2015:05:25 18:09:20,37.9054,-122.5474
/Users/eddiedickey/Flickr/2015,video_18514469075.mov,2015:04:25 05:21:11,37.955,-122.5117
/Users/eddiedickey/Flickr/2015,video_21108411458.mov,2015:08:29 17:30:40,37.8785,-119.8573
/Users/eddiedickey/Flickr/2015,video_17894325553.mov,2015:04:02 01:46:59,38.0043,-122.5528
/Users/eddiedickey/Flickr/2015,video_18327624182.mov,2015:04:02 02:39:43,38.0043,-122.5528
/Users/eddiedickey/Flickr/2015,video_18327723072.mov,2015:04:07 23:03:39,37.9438,-122.5125
/Users/eddiedickey/Flickr/2015,casa-nova-pan_16143587100.mp4,2015:01:17 11:11:18,,
/Users/eddiedickey/Flickr/2015,video_24074105196.mov,2015:11:20 14:59:39,37.9072,-122.5513
/Users/eddiedickey/Flickr/2015,video_24052286452.mov,2015:09:27 01:38:23,37.895,-122.6398
/Users/eddiedickey/Flickr/2015,video_24579436744.mov,2015:06:20 21:51:29,37.7784,-122.391
/Users/eddiedickey/Flickr/2015,video_18530684460.mov,2015:04:02 01:47:54,38.0043,-122.5528
/Users/eddiedickey/Flickr/2015,video_21100884260.mov,2015:08:11 00:33:23,37.9012,-122.5281
/Users/eddiedickey/Flickr/2015,casanova_15711119303.mp4,2015:01:17 11:09:45,,
/Users/eddiedickey/Flickr/2015,video_21100998260.mov,2015:08:11 00:48:42,37.9012,-122.5281
/Users/eddiedickey/Flickr/2015,happy_16621386008_o.jpg,2015:03:07 15:01:18,37.9076647222222,-122.551279722222
/Users/eddiedickey/Flickr/2015,february-in-ca_16783093896_o.jpg,2015:02:15 17:28:57,37.9096144444444,-122.550515277778
/Users/eddiedickey/Flickr/2015,video_25483409443.mov,2015:09:27 00:12:16,37.8949,-122.6398
/Users/eddiedickey/Flickr/2015,video_23469264894.mov,2015:11:02 01:51:44,38.2336,-122.641
/Users/eddiedickey/Flickr/2017,27848730189_0eb5b28192_o.jpg,2017:12:31 16:23:16,34.038525,-118.542222222222
/Users/eddiedickey/Flickr/2017,37819263084_0eded93d21_o.jpg,2017:11:17 16:42:38,37.8268555555556,-122.491280555556
/Users/eddiedickey/Flickr/2017,38510708951_d7091b9ef6_o.jpg,2017:11:18 15:51:54,38.2345388888889,-122.639533333333
/Users/eddiedickey/Flickr/2017,video_38534868491.mov,2017:11:18 05:37:01,37.8271,-122.4914
/Users/eddiedickey/Flickr/2017,24633950878_6a7df5505b_o.jpg,2017:11:18 07:39:23,37.8267944444444,-122.490836111111
/Users/eddiedickey/Flickr/2017,video_34578047926.mov,2017:04:15 23:44:31,37.9071,-122.551
/Users/eddiedickey/Flickr/2017,38729749895_d0b3643726_o.jpg,2017:12:31 16:13:59,34.0354361111111,-118.536788888889
/Users/eddiedickey/Flickr/2017,38478928042_947bc83028_o.jpg,2017:11:17 17:43:05,37.827,-122.491286111111
/Users/eddiedickey/Flickr/2017,26734849019_091045c9da_o.jpg,2017:11:18 06:54:58,37.8269222222222,-122.49125
/Users/eddiedickey/Flickr/2017,38473767102_c038ee5187_o.jpg,2017:11:18 10:04:00,37.827025,-122.491416666667
/Users/eddiedickey/Flickr/2017,video_34788777625.mov,2017:05:21 01:14:24,37.9063,-122.5482
/Users/eddiedickey/Flickr/2017,37795089814_631c2fe448_o.jpg,2017:11:18 06:54:46,37.8269916666667,-122.491263888889
/Users/eddiedickey/Flickr/2017,25754666538_92a192c961_o.jpg,2017:12:31 16:12:29,34.0355111111111,-118.536347222222
/Users/eddiedickey/Flickr/2017,video_33068084124.mov,2017:03:14 02:55:01,37.9744,-122.5223
/Users/eddiedickey/Flickr/2017,24633711668_ab010f82b8_o.jpg,2017:11:17 18:10:35,37.8269361111111,-122.491141666667
/Users/eddiedickey/Flickr/2017,38454729806_692d66e431_o.jpg,2017:11:18 07:39:10,37.8267972222222,-122.490861111111
/Users/eddiedickey/Flickr/2017,38454727846_c5851f900a_o.jpg,2017:11:18 15:56:13,38.2345194444444,-122.639580555556
/Users/eddiedickey/Flickr/2017,video_33946309824.mov,2017:05:20 21:03:10,37.9744,-122.5223
/Users/eddiedickey/Flickr/2017,video_23561922058.mov,2017:07:24 02:34:10,37.9068,-122.5501
/Users/eddiedickey/Flickr/2017,video_36704556214.mov,2017:08:19 20:42:44,38.705,-120.0037
/Users/eddiedickey/Flickr/2017,26730096439_0444af79c3_o.jpg,2017:11:18 08:13:09,37.8270138888889,-122.490883333333
/Users/eddiedickey/Flickr/2017,video_35230688805.mov,2017:06:10 00:49:33,38.09,-122.5745
/Users/eddiedickey/Flickr/2017,video_34730411655.mov,2017:05:15 23:01:45,,
/Users/eddiedickey/Flickr/2017,video_37366565176.mov,2017:07:24 02:33:31,37.9068,-122.55
/Users/eddiedickey/Flickr/2017,37795084034_a7bfc04598_o.jpg,2017:11:18 06:55:06,37.8269166666667,-122.49125
/Users/eddiedickey/Flickr/2017,video_33811347943.mov,2017:01:21 21:33:11,38.4382,-122.7125
/Users/eddiedickey/Flickr/2017,24638578298_a1985a3671_o.jpg,2017:11:17 18:09:40,37.8269777777778,-122.491111111111
/Users/eddiedickey/Flickr/2017,26734848119_292a53d7dc_o.jpg,2017:11:18 06:55:08,37.8269166666667,-122.49125
/Users/eddiedickey/Flickr/2017,38729737575_1b15312f50_o.jpg,2017:12:31 16:35:43,34.0380777777778,-118.541427777778
/Users/eddiedickey/Flickr/2017,37619083535_d05c8be765_o.jpg,2017:11:18 10:10:50,37.827075,-122.491355555556
/Users/eddiedickey/Flickr/2017,37790405084_9c58678b82_o.jpg,2017:11:18 10:10:44,37.827075,-122.491355555556
/Users/eddiedickey/Flickr/2017,38510900031_7f19796a6c_o.jpg,2017:11:17 17:01:11,37.8268666666667,-122.49115
/Users/eddiedickey/Flickr/2017,38478771842_e552fc6b9c_o.jpg,2017:11:18 15:55:54,38.2346472222222,-122.639533333333
/Users/eddiedickey/Flickr/2017,38534863831_e63824a467_o.jpg,2017:11:17 16:59:54,37.8268138888889,-122.491072222222
/Users/eddiedickey/Flickr/2017,38478766652_e22ff71afe_o.jpg,2017:11:18 07:08:40,37.8271833333333,-122.491311111111
/Users/eddiedickey/Flickr/2017,37619074345_2654372728_o.jpg,2017:11:17 18:10:57,37.8269916666667,-122.491272222222
/Users/eddiedickey/Flickr/2017,video_35064133576.mov,2017:06:04 20:09:33,37.8952,-122.6393
/Users/eddiedickey/Flickr/2017,24757800997_a49a2819fa_o.jpg,2017:12:31 21:32:41,34.0525027777778,-118.524222222222
/Users/eddiedickey/Flickr/2017,38454914516_b4497ec409_o.jpg,2017:11:17 18:09:34,37.8269527777778,-122.491188888889
/Users/eddiedickey/Flickr/2017,37647449195_195a9fdb0d_o.jpg,2017:11:17 16:18:11,37.8268694444444,-122.491044444444
/Users/eddiedickey/Flickr/2017,38479200576_f544702224_o.jpg,2017:11:17 16:18:11,37.8268694444444,-122.491044444444
/Users/eddiedickey/Flickr/2017,video_37383230602.mov,2017:07:22 01:51:59,37.9685,-122.5165
/Users/eddiedickey/Flickr/2017,38454737316_c260d63f9c_o.jpg,2017:11:18 06:55:10,37.8269166666667,-122.49125
/Users/eddiedickey/Flickr/2017,38478766412_be8af50d7d_o.jpg,2017:11:18 07:39:13,37.8268083333333,-122.490830555556
/Users/eddiedickey/Flickr/2017,25754677308_2b5e426bab_o.jpg,2017:12:31 16:12:22,34.0355305555556,-118.536361111111
/Users/eddiedickey/Flickr/2017,24662559108_25811f3641_o.jpg,2017:11:17 16:43:10,37.8268277777778,-122.491194444444
/Users/eddiedickey/Flickr/2017,27848722809_59c5801e29_o.jpg,2017:12:31 17:14:07,34.0461055555556,-118.5298
/Users/eddiedickey/Flickr/2017,24757809957_a09d057dff_o.jpg,2017:12:31 17:11:42,34.0459138888889,-118.530891666667
/Users/eddiedickey/Flickr/2017,video_25215503247.mov,2017:12:17 03:19:17,38.0253,-122.5554
/Users/eddiedickey/Flickr/2017,38506119271_11c180057c_o.jpg,2017:11:18 07:39:13,37.8268083333333,-122.490830555556
/Users/eddiedickey/Flickr/2017,37619073235_fbc6c1d13b_o.jpg,2017:11:17 18:09:56,37.827025,-122.491263888889
/Users/eddiedickey/Flickr/2017,38503267582_d93f457ec6_o.jpg,2017:11:17 16:42:39,37.8268555555556,-122.491280555556
/Users/eddiedickey/Flickr/2017,38917908594_2251a0199b_o.jpg,2017:12:31 16:23:36,34.038475,-118.542488888889
/Users/eddiedickey/Flickr/2017,26759122269_0196e1563b_o.jpg,2017:11:17 16:17:59,37.8268972222222,-122.491111111111
/Users/eddiedickey/Flickr/2017,38478766422_2ff792604b_o.jpg,2017:11:18 14:17:53,38.3205861111111,-122.662925
/Users/eddiedickey/Flickr/2017,38729749715_95cafde1da_o.jpg,2017:12:31 16:14:00,34.0354361111111,-118.536788888889
/Users/eddiedickey/Flickr/2017,video_35247807235.mov,2017:06:10 00:03:14,38.0899,-122.5745
/Users/eddiedickey/Flickr/2017,video_37414093101.mov,2017:07:23 18:45:02,37.8551,-122.4788
/Users/eddiedickey/Flickr/2017,26735018369_dff9e799ae_o.jpg,2017:11:17 17:00:42,37.8268444444444,-122.491133333333
/Users/eddiedickey/Flickr/2017,video_34489042301.mov,2017:01:21 21:32:43,38.4382,-122.7125
/Users/eddiedickey/Flickr/2017,video_34748297706.mov,2017:05:20 21:02:39,37.9743,-122.5223
/Users/eddiedickey/Flickr/2017,37790405094_ded5305274_o.jpg,2017:11:18 10:03:49,37.8270083333333,-122.491333333333
/Users/eddiedickey/Flickr/2017,38505845131_d9192a1e49_o.jpg,2017:11:18 10:10:31,37.8271444444444,-122.491705555556
/Users/eddiedickey/Flickr/2017,video_26759127529.mov,2017:11:18 05:36:22,37.827,-122.4915
/Users/eddiedickey/Flickr/2017,37795090244_ef6bf3b15a_o.jpg,2017:11:18 07:39:11,37.8267972222222,-122.490861111111
/Users/eddiedickey/Flickr/2017,38450182576_13479edb35_o.jpg,2017:11:17 21:18:37,37.8270416666667,-122.491302777778
/Users/eddiedickey/Flickr/2017,38505840821_64f7264687_o.jpg,2017:11:17 18:10:32,37.8268888888889,-122.491141666667
/Users/eddiedickey/Flickr/2017,25754644568_a42b2df4e1_o.jpg,2017:12:31 21:31:17,34.0525666666667,-118.524222222222
/Users/eddiedickey/Flickr/2017,video_34233599450.mov,2017:05:01 15:18:25,37.7967,-122.4013
/Users/eddiedickey/Flickr/2017,37619324915_4a63a4a62c_o.jpg,2017:11:18 07:48:36,37.8266,-122.488883333333
/Users/eddiedickey/Flickr/2017,38534864401_d28c4fbfbc_o.jpg,2017:11:17 17:00:31,37.8268194444444,-122.491133333333
/Users/eddiedickey/Flickr/2017,38917919554_2b9ef21435_o.jpg,2017:12:31 16:13:56,34.0352972222222,-118.53685
/Users/eddiedickey/Flickr/2017,39625998711_50a99f4df5_o.jpg,2017:12:31 16:14:04,34.0354805555556,-118.536805555556
/Users/eddiedickey/Flickr/2017,38729739525_b97bb23f9c_o.jpg,2017:12:31 16:23:22,34.0384666666667,-118.542275
/Users/eddiedickey/Flickr/2017,26730312069_02bf62ae5a_o.jpg,2017:11:18 07:47:27,37.8264722222222,-122.488608333333
/Users/eddiedickey/Flickr/2017,38505845121_257985ea1c_o.jpg,2017:11:18 10:10:29,37.8271444444444,-122.491705555556
/Users/eddiedickey/Flickr/2017,38506121861_d4bb23b0d3_o.jpg,2017:11:18 07:47:34,37.8266666666667,-122.48845
/Users/eddiedickey/Flickr/2017,video_34599128471.mov,2017:05:15 23:01:18,,
/Users/eddiedickey/Flickr/2017,26730093579_149dae935a_o.jpg,2017:11:17 21:18:54,37.827025,-122.491341666667
/Users/eddiedickey/Flickr/2017,38729745965_9b339e3c92_o.jpg,2017:12:31 16:14:04,34.0354805555556,-118.536805555556
/Users/eddiedickey/Flickr/2017,24633951288_08dc5e9383_o.jpg,2017:11:18 07:39:29,37.8267972222222,-122.490861111111
/Users/eddiedickey/Flickr/2017,26730087299_1311525aaf_o.jpg,2017:11:17 21:18:11,37.8270611111111,-122.491341666667
/Users/eddiedickey/Flickr/2017,39625992881_51800f7276_o.jpg,2017:12:31 16:23:21,34.0384666666667,-118.542275
/Users/eddiedickey/Flickr/2017,37790393924_71ecb09054_o.jpg,2017:11:17 21:18:34,37.8270416666667,-122.491302777778
/Users/eddiedickey/Flickr/2017,38917904564_90cb7ef1b1_o.jpg,2017:12:31 21:10:04,34.0467444444444,-118.527961111111
/Users/eddiedickey/Flickr/2017,38917909144_fd1aea5573_o.jpg,2017:12:31 16:35:49,34.0380777777778,-118.541427777778
/Users/eddiedickey/Flickr/2017,video_34639716265.mov,2017:03:10 21:54:31,39.1957,-120.235
/Users/eddiedickey/Flickr/2017,video_34642156525.mov,2017:03:10 20:30:12,39.1964,-120.2352
/Users/eddiedickey/Flickr/2017,video_39642005534.mov,2017:12:09 01:37:52,37.8005,-122.4548
/Users/eddiedickey/Flickr/2017,video_35565555056.mov,2017:06:14 03:01:51,37.9744,-122.5222
/Users/eddiedickey/Flickr/2017,video_34642156255.mov,2017:03:14 02:53:46,37.9744,-122.5223
/Users/eddiedickey/Flickr/2017,38506117761_dfd27d958d_o.jpg,2017:11:18 07:39:24,37.8267944444444,-122.490836111111
/Users/eddiedickey/Flickr/2017,39626004531_e0f3db310f_o.jpg,2017:12:31 16:13:57,34.0352972222222,-118.53685
/Users/eddiedickey/Flickr/2017,37623933925_8cde5d45d5_o.jpg,2017:11:17 17:00:37,37.8268444444444,-122.491133333333
/Users/eddiedickey/Flickr/2017,37619326075_323c040ca6_o.jpg,2017:11:18 07:47:28,37.8264722222222,-122.488608333333
/Users/eddiedickey/Flickr/2017,video_23561953828.mov,2017:07:04 18:24:43,38.5793,-122.5786
/Users/eddiedickey/Flickr/2017,video_37366589116.mov,2017:07:04 19:01:41,38.5793,-122.5786
/Users/eddiedickey/Flickr/2017,video_36704636234.mov,2017:07:29 03:37:18,37.9073,-122.5513
/Users/eddiedickey/Flickr/2017,37619081855_ae9e5e849a_o.jpg,2017:11:18 10:03:57,37.8270416666667,-122.491402777778
/Users/eddiedickey/Flickr/2017,38450190536_e86d9b2947_o.jpg,2017:11:18 10:03:51,37.8270083333333,-122.491333333333
/Users/eddiedickey/Flickr/2017,24757802957_abe0c6e07c_o.jpg,2017:12:31 21:31:22,34.0525638888889,-118.524247222222
/Users/eddiedickey/Flickr/2017,26730311379_14da58444b_o.jpg,2017:11:18 07:48:35,37.8268,-122.488547222222
/Users/eddiedickey/Flickr/2017,38729765295_a5f710caff_o.jpg,2017:12:31 16:12:23,34.0355305555556,-118.536361111111
/Users/eddiedickey/Flickr/2017,video_34621585505.mov,2017:01:21 21:14:59,38.4407,-122.712
/Users/eddiedickey/Flickr/2017,24757796227_076ac2d1df_o.jpg,2017:12:31 21:32:47,34.0525361111111,-118.524216666667
/Users/eddiedickey/Flickr/2017,38478928922_43de1fcb99_o.jpg,2017:11:17 18:09:51,37.8270138888889,-122.491202777778
/Users/eddiedickey/Flickr/2017,25754679698_52ac2bbd04_o.jpg,2017:12:31 16:10:55,34.0354611111111,-118.536383333333
/Users/eddiedickey/Flickr/2017,26759122309_2e598eb4a9_o.jpg,2017:11:17 17:00:33,37.8268555555556,-122.491119444444
/Users/eddiedickey/Flickr/2017,37619073725_107d1b6580_o.jpg,2017:11:17 21:18:24,37.8270527777778,-122.491325
/Users/eddiedickey/Flickr/2017,39625991391_a81be214ac_o.jpg,2017:12:31 16:23:37,34.038475,-118.542488888889
/Users/eddiedickey/Flickr/2017,37795246084_9a318b593c_o.jpg,2017:11:17 17:43:08,37.827,-122.491286111111
/Users/eddiedickey/Flickr/2017,38729744725_51e4143a4e_o.jpg,2017:12:31 16:30:56,34.0387888888889,-118.543822222222
/Users/eddiedickey/Flickr/2017,38454726896_135c3d90e1_o.jpg,2017:11:18 15:56:10,38.2345194444444,-122.639580555556
/Users/eddiedickey/Flickr/2017,37790390594_6fe30f3da7_o.jpg,2017:11:17 18:10:21,37.827025,-122.491263888889
/Users/eddiedickey/Flickr/2017,26734852799_f641ec514d_o.jpg,2017:11:18 15:56:14,38.2345194444444,-122.639580555556
/Users/eddiedickey/Flickr/2017,video_37414025811.mov,2017:08:19 19:03:20,38.7392,-120.0322
/Users/eddiedickey/Flickr/2017,24757830437_8a031599f5_o.jpg,2017:12:31 16:12:29,34.0355111111111,-118.536347222222
/Users/eddiedickey/Flickr/2017,39626034051_8866e08066_o.jpg,2017:12:31 16:10:49,34.0354611111111,-118.536383333333
/Users/eddiedickey/Flickr/2017,video_36704605994.mov,2017:07:04 18:29:42,38.5793,-122.5786
/Users/eddiedickey/Flickr/2017,39626028651_fec226aa77_o.jpg,2017:12:31 16:12:27,34.0355111111111,-118.536347222222
/Users/eddiedickey/Flickr/2017,24633715248_d7d6731c56_o.jpg,2017:11:18 10:10:45,37.827075,-122.491355555556
/Users/eddiedickey/Flickr/2017,24757834627_6538ffb055_o.jpg,2017:12:31 16:12:28,34.0355111111111,-118.536347222222
/Users/eddiedickey/Flickr/2017,24757804717_de72f47d7c_o.jpg,2017:12:31 16:35:54,34.0380555555556,-118.541380555556
/Users/eddiedickey/Flickr/2017,video_34339998550.mov,2017:05:15 23:00:14,,
/Users/eddiedickey/Flickr/2017,27848723079_3ff3902aae_o.jpg,2017:12:31 17:14:02,34.0461055555556,-118.5298
/Users/eddiedickey/Flickr/2010,point-reyes-seashore_14988798330_o.jpg,2010:12:27 14:13:12,,
/Users/eddiedickey/Flickr/2010,contemplating_14313789541_o.jpg,2010:12:18 21:59:02,,
/Users/eddiedickey/Flickr/2019,49587510962_b15817ab78_o.jpg,2019:12:23 21:31:19,37.9155916666667,-122.508186111111
/Users/eddiedickey/Flickr/2019,49589000457_84e4f8095d_o.jpg,2019:12:25 09:34:57,38.9044333333333,-119.982619444444
/Users/eddiedickey/Flickr/2019,49588752476_3b5ec6cb46_o.jpg,2019:12:01 13:33:18,42.1875305555556,-122.691894444444
/Users/eddiedickey/Flickr/2019,49588751646_b950b1d104_o.jpg,2019:12:22 14:26:15,37.7916972222222,-122.413361111111
/Users/eddiedickey/Flickr/2019,49588263298_6b295d2ebd_o.jpg,2019:11:28 17:56:08,40.6426805555556,-111.284111111111
/Users/eddiedickey/Flickr/2019,49588994362_2972c4cc05_o.jpg,2019:12:22 14:33:52,37.7916972222222,-122.413308333333
/Users/eddiedickey/Flickr/2019,49588259998_082a86cf8f_o.jpg,2019:12:22 14:26:16,37.791725,-122.413361111111
/Users/eddiedickey/Flickr/2019,49588997662_72a6b11fbe_o.jpg,2019:11:29 08:56:25,40.6427916666667,-111.284713888889
/Users/eddiedickey/Flickr/2019,49588994937_a7ce89b0b9_o.jpg,2019:12:22 14:26:16,37.791725,-122.413361111111
/Users/eddiedickey/Flickr/2019,49587263841_0bf840a196_o.jpg,2019:12:24 20:41:01,38.9048,-119.982583333333
/Users/eddiedickey/Flickr/2019,49588264428_905b305b29_o.jpg,2019:11:28 13:19:34,40.57555,-111.792052777778
/Users/eddiedickey/Flickr/2019,49588757296_672fb274f4_o.jpg,2019:11:28 10:08:03,40.6423555555556,-111.283844444444
/Users/eddiedickey/Flickr/2019,49588753996_2b8040201b_o.jpg,2019:11:29 08:56:18,40.6427916666667,-111.284713888889
/Users/eddiedickey/Flickr/2019,49588751696_1df07e0bcb_o.jpg,2019:12:22 14:26:15,37.7916972222222,-122.413361111111
/Users/eddiedickey/Flickr/2019,49588265078_ae27a43021_o.jpg,2019:11:28 11:48:52,40.575625,-111.792130555556
/Users/eddiedickey/Flickr/2019,49588258478_11f8c2c158_o.jpg,2019:12:22 16:17:34,37.7917333333333,-122.413430555556
/Users/eddiedickey/Flickr/2019,49588751546_454ba12841_o.jpg,2019:12:22 14:26:15,37.7916972222222,-122.413361111111
/Users/eddiedickey/Flickr/2019,49588752866_a203174d7a_o.jpg,2019:11:29 08:56:35,40.6428194444444,-111.284722222222
/Users/eddiedickey/Flickr/2019,49588757306_2e697d25ea_o.jpg,2019:12:25 09:37:36,38.9045361111111,-119.982505555556
/Users/eddiedickey/Flickr/2019,49588994372_5550e58df3_o.jpg,2019:12:22 14:34:00,37.7916972222222,-122.413308333333
/Users/eddiedickey/Flickr/2019,49588259083_e3488a1938_o.jpg,2019:12:22 14:34:00,37.7916972222222,-122.413308333333
/Users/eddiedickey/Flickr/2019,49588756171_b7efb64c00_o.jpg,2019:11:28 13:19:34,40.57555,-111.792052777778
/Users/eddiedickey/Flickr/2019,49588755391_9175f3c92b_o.jpg,2019:11:28 13:21:57,40.5756083333333,-111.792122222222
/Users/eddiedickey/Flickr/2019,49588750206_cc8ea412a5_o.jpg,2019:12:22 15:18:50,37.7917055555556,-122.413405555556
/Users/eddiedickey/Flickr/2019,49588752586_cfe6701e75_o.jpg,2019:11:29 17:47:43,40.6430027777778,-111.284805555556
/Users/eddiedickey/Flickr/2019,49588757946_d5938663f8_o.jpg,2019:12:25 09:56:13,38.90445,-119.982344444444
/Users/eddiedickey/Flickr/2019,49588995082_593c31273e_o.jpg,2019:12:22 14:26:16,37.791725,-122.413361111111
/Users/eddiedickey/Flickr/2019,49588751731_15bb5df45c_o.jpg,2019:12:21 20:02:28,37.9157333333333,-122.508269444444
/Users/eddiedickey/Flickr/2019,49588752841_b32675038a_o.jpg,2019:11:29 08:56:36,40.6428194444444,-111.284722222222
/Users/eddiedickey/Flickr/2019,49588266168_cbf194dd4f_o.jpg,2019:12:25 09:42:29,38.9050444444444,-119.982505555556
/Users/eddiedickey/Flickr/2019,49588998802_a9a6008fff_o.jpg,2019:11:28 13:21:58,40.5756083333333,-111.792122222222
/Users/eddiedickey/Flickr/2019,49588757686_21ea03ced2_o.jpg,2019:12:25 09:42:28,38.9050444444444,-119.982505555556
/Users/eddiedickey/Flickr/2019,49588751236_f59570fd13_o.jpg,2019:12:22 14:26:25,37.7918194444444,-122.413322222222
/Users/eddiedickey/Flickr/2019,49588260738_29b90e4721_o.jpg,2019:12:01 10:10:56,40.4319194444444,-122.287436111111
/Users/eddiedickey/Flickr/2019,49588758381_af233ee7eb_o.jpg,2019:12:25 16:05:35,38.9049722222222,-119.982702777778
/Users/eddiedickey/Flickr/2019,49587264406_4a7cd79dfb_o.jpg,2019:12:23 21:30:53,37.9157916666667,-122.508125
/Users/eddiedickey/Flickr/2019,img_1100_49586111503_o.jpg,2019:09:26 16:30:04,42.1864444444444,-122.690666666667
/Users/eddiedickey/Flickr/2019,49587511267_50d7972b46_o.jpg,2019:12:23 21:31:00,37.9157527777778,-122.508163888889
/Users/eddiedickey/Flickr/2019,49588759021_4f4b03e655_o.jpg,2019:12:28 13:33:28,38.0197222222222,-122.521980555556
/Users/eddiedickey/Flickr/2019,49588259168_202bdcbe3c_o.jpg,2019:12:22 14:26:25,37.7918194444444,-122.413322222222
/Users/eddiedickey/Flickr/2019,49588259233_e94d6df56b_o.jpg,2019:12:22 14:26:25,37.7918194444444,-122.413322222222
/Users/eddiedickey/Flickr/2019,49588265788_d4d66a3ba4_o.jpg,2019:12:25 09:37:39,38.9048611111111,-119.982711111111
/Users/eddiedickey/Flickr/2019,49588757641_2e67eef0ee_o.jpg,2019:12:25 09:37:49,38.9048527777778,-119.982727777778
/Users/eddiedickey/Flickr/2019,49588753616_07195dbda6_o.jpg,2019:11:29 08:56:28,40.6428194444444,-111.284722222222
/Users/eddiedickey/Flickr/2019,49588993752_344907e285_o.jpg,2019:12:22 14:35:15,37.7917416666667,-122.413361111111
/Users/eddiedickey/Flickr/2019,49588261258_f7a2534bc8_o.jpg,2019:11:29 17:47:10,40.6428944444444,-111.284827777778
/Users/eddiedickey/Flickr/2019,49588264313_9b6123840a_o.jpg,2019:11:28 13:21:51,40.5756083333333,-111.792122222222
/Users/eddiedickey/Flickr/2019,49588750461_5b640c4c6f_o.jpg,2019:12:22 14:33:19,37.7916972222222,-122.413308333333
/Users/eddiedickey/Flickr/2019,49588756651_db72e1db62_o.jpg,2019:11:28 10:08:17,40.642875,-111.284727777778
/Users/eddiedickey/Flickr/2019,49588266093_871d1c0e58_o.jpg,2019:12:25 09:42:47,38.905,-119.982527777778
/Users/eddiedickey/Flickr/2019,49588995672_33762f2347_o.jpg,2019:12:21 20:02:03,37.9157305555556,-122.508019444444
/Users/eddiedickey/Flickr/2019,49588999167_0258b15837_o.jpg,2019:11:28 13:21:56,40.5756083333333,-111.792122222222
/Users/eddiedickey/Flickr/2019,49588259993_0dde9eab17_o.jpg,2019:12:22 14:26:15,37.7916972222222,-122.413361111111
/Users/eddiedickey/Flickr/2019,49588264683_2dae0e3b8d_o.jpg,2019:11:28 13:19:33,40.57555,-111.792052777778
/Users/eddiedickey/Flickr/2019,49587263556_1030ea607c_o.jpg,2019:12:24 18:53:00,38.9044583333333,-119.982894444444
/Users/eddiedickey/Flickr/2019,49588752296_f554ae8939_o.jpg,2019:12:20 19:12:20,37.9336888888889,-122.517205555556
/Users/eddiedickey/Flickr/2019,49588262718_06d4e42010_o.jpg,2019:11:29 08:56:14,40.6427916666667,-111.284713888889
/Users/eddiedickey/Flickr/2019,49587510707_8f89959b76_o.jpg,2019:12:25 09:33:55,38.9048222222222,-119.982680555556
/Users/eddiedickey/Flickr/2019,49588993762_1c7b94256c_o.jpg,2019:12:22 14:35:26,37.7918583333333,-122.413313888889
/Users/eddiedickey/Flickr/2019,49588260673_24e53a3720_o.jpg,2019:12:20 19:12:33,37.9338583333333,-122.517288888889
/Users/eddiedickey/Flickr/2019,49588998677_468921fd68_o.jpg,2019:11:28 20:00:59,40.642875,-111.284713888889
/Users/eddiedickey/Flickr/2019,49588261628_cf0a103e03_o.png,,,
/Users/eddiedickey/Flickr/2019,49588758736_5c32d74ac3_o.jpg,2019:12:26 14:39:16,38.4890527777778,-121.804894444444
/Users/eddiedickey/Flickr/2019,49588995902_4aaa5235a1_o.jpg,2019:12:01 13:40:41,42.1872166666667,-122.691597222222
/Users/eddiedickey/Flickr/2019,49589001492_f84eaa0048_o.jpg,2019:12:25 10:01:39,38.9050222222222,-119.982597222222
/Users/eddiedickey/Flickr/2019,49588752741_c92972c96b_o.jpg,2019:11:29 17:47:18,40.6429361111111,-111.284805555556
/Users/eddiedickey/Flickr/2019,49588264208_303958272f_o.jpg,2019:11:28 16:47:23,38.0254055555556,-122.5552
/Users/eddiedickey/Flickr/2019,49588261133_0f5d0e6fb7_o.jpg,2019:12:01 13:40:38,42.1869416666667,-122.691925
/Users/eddiedickey/Flickr/2019,49588261953_663a507601_o.jpg,2019:11:29 08:56:28,40.6428194444444,-111.284722222222
/Users/eddiedickey/Flickr/2019,49589001862_27ce474fee_o.jpg,2019:12:25 10:47:59,38.9049305555556,-119.982688888889
/Users/eddiedickey/Flickr/2019,49588993767_76d5244887_o.jpg,2019:12:23 21:30:41,37.9158222222222,-122.508080555556
/Users/eddiedickey/Flickr/2019,49588999472_0e61dee801_o.jpg,2019:11:28 13:21:52,40.5756083333333,-111.792122222222
/Users/eddiedickey/Flickr/2019,49589001582_6998e69de2_o.jpg,2019:12:25 10:01:29,38.9050222222222,-119.982597222222
/Users/eddiedickey/Flickr/2019,49588756746_a310548f73_o.jpg,2019:12:25 09:34:00,38.9048361111111,-119.982658333333
/Users/eddiedickey/Flickr/2019,49588755506_41b09e4171_o.jpg,2019:11:28 13:21:58,40.5756083333333,-111.792122222222
/Users/eddiedickey/Flickr/2019,49589001932_f781f02e4c_o.jpg,2019:12:25 10:47:52,38.9047361111111,-119.982613888889
/Users/eddiedickey/Flickr/2019,49588259108_5414edc313_o.jpg,2019:12:22 14:33:57,37.7916972222222,-122.413308333333
/Users/eddiedickey/Flickr/2019,49588754276_8092b6d3b0_o.jpg,2019:11:29 08:56:23,40.6427916666667,-111.284713888889
/Users/eddiedickey/Flickr/2019,49588751701_42a5f14636_o.jpg,2019:12:21 20:02:52,37.9156388888889,-122.508255555556
/Users/eddiedickey/Flickr/2019,49588758421_dfb684a7a5_o.jpg,2019:12:25 16:05:36,38.9049722222222,-119.982702777778
/Users/eddiedickey/Flickr/2019,49587511127_0a34070f87_o.jpg,2019:12:23 21:30:44,37.915825,-122.508111111111
/Users/eddiedickey/Flickr/2019,49588259303_79fe178a26_o.jpg,2019:12:22 14:26:25,37.7918194444444,-122.413322222222
/Users/eddiedickey/Flickr/2019,49588750151_6b4e25eb96_o.jpg,2019:12:22 14:35:20,37.7917361111111,-122.413344444444
/Users/eddiedickey/Flickr/2019,49588755946_08852e115f_o.jpg,2019:11:28 13:21:53,40.5756083333333,-111.792122222222
/Users/eddiedickey/Flickr/2019,49588758606_7ee5fd232e_o.jpg,2019:12:25 10:48:11,38.9048694444444,-119.982666666667
/Users/eddiedickey/Flickr/2019,49588258503_e0babfdd74_o.jpg,2019:12:22 16:17:28,37.7916944444444,-122.413369444444
/Users/eddiedickey/Flickr/2019,49588759151_11a03edb4d_o.jpg,2019:12:28 14:01:16,38.0198222222222,-122.523269444444
/Users/eddiedickey/Flickr/2019,49588750166_15ca92a6c0_o.jpg,2019:12:22 16:17:30,37.7916944444444,-122.413369444444
/Users/eddiedickey/Flickr/2019,49588995892_1943f225ec_o.jpg,2019:11:29 20:17:03,40.6428833333333,-111.284736111111
/Users/eddiedickey/Flickr/2019,49589002142_d7a08db160_o.jpg,2019:12:28 11:28:30,37.9181027777778,-122.50875
/Users/eddiedickey/Flickr/2019,49588263373_05f6be3cee_o.jpg,2019:11:29 08:33:46,40.6428611111111,-111.284927777778
/Users/eddiedickey/Flickr/2019,49588264358_bc854e3b5f_o.jpg,2019:11:28 13:21:51,40.5756083333333,-111.792122222222
/Users/eddiedickey/Flickr/2019,49588757356_cc15e4c591_o.jpg,2019:12:25 09:37:44,38.9048611111111,-119.982697222222
/Users/eddiedickey/Flickr/2019,49588994322_43495be9e3_o.jpg,2019:12:22 14:26:25,37.7918194444444,-122.413322222222
/Users/eddiedickey/Flickr/2019,49588752936_995e5d212f_o.jpg,2019:11:29 08:56:32,40.6428194444444,-111.284722222222
/Users/eddiedickey/Flickr/2019,49587263651_ddf80f2951_o.jpg,2019:12:25 09:13:48,38.9048611111111,-119.982680555556
/Users/eddiedickey/Flickr/2019,49588751611_71fbd6da04_o.jpg,2019:12:22 14:26:15,37.7916972222222,-122.413361111111
/Users/eddiedickey/Flickr/2019,49588751536_c7144d88e1_o.jpg,2019:12:22 14:26:15,37.7916972222222,-122.413361111111
/Users/eddiedickey/Flickr/2019,49588750821_9db185f019_o.jpg,2019:12:22 14:32:56,37.7916916666667,-122.413308333333
/Users/eddiedickey/Flickr/2020,video_49588759606.mov,2019:05:26 00:14:49,36.0571,-95.9741
/Users/eddiedickey/Flickr/2020,49586162048_18eb047233_o.jpg,2020:01:26 12:26:59,37.7880444444444,-122.403144444444
/Users/eddiedickey/Flickr/2020,49586111803_acb4a30e34_o.jpg,2020:02:22 19:28:00,37.9157055555556,-122.508208333333
/Users/eddiedickey/Flickr/2020,49586901457_40b5cea519_o.jpg,2020:01:26 12:41:20,37.7794527777778,-122.414755555556
/Users/eddiedickey/Flickr/2020,49586871192_0f93ab5cec_o.jpg,2020:01:28 12:54:30,37.7762,-122.414527777778
/Users/eddiedickey/Flickr/2020,49586847727_e5b696ac22_o.jpg,2020:02:23 11:30:41,37.9137944444444,-122.497208333333
/Users/eddiedickey/Flickr/2020,49586612151_f8110e46e9_o.jpg,2020:01:28 18:07:38,37.7944638888889,-122.3947
/Users/eddiedickey/Flickr/2020,49586284263_612a03cfb1_o.jpg,2020:01:23 07:28:58,37.9447166666667,-122.508186111111
/Users/eddiedickey/Flickr/2020,49586284228_634cd863c7_o.jpg,2020:01:09 07:24:38,37.9446527777778,-122.508133333333
/Users/eddiedickey/Flickr/2020,49586131648_8c5bf9c92d_o.jpg,2020:01:28 12:52:15,37.7830472222222,-122.404061111111
/Users/eddiedickey/Flickr/2020,49587022442_b1b8fcfe36_o.jpg,2020:01:21 11:46:26,37.9156527777778,-122.508225
/Users/eddiedickey/Flickr/2020,49586851092_7cf464c9e1_o.jpg,2020:02:23 11:17:38,37.9161138888889,-122.498366666667
/Users/eddiedickey/Flickr/2020,49586108403_b5e0219359_o.jpg,2020:02:23 11:30:34,37.9137944444444,-122.497208333333
/Users/eddiedickey/Flickr/2020,49586206413_4f4eefef8e_o.jpg,2020:01:26 11:35:22,37.7863222222222,-122.400038888889
/Users/eddiedickey/Flickr/2020,49586851047_1db79a2b8d_o.jpg,2020:02:23 11:30:25,37.9137722222222,-122.497213888889
/Users/eddiedickey/Flickr/2020,video_49588269723.mov,2019:12:20 22:19:57,37.9174,-122.5085
/Users/eddiedickey/Flickr/2020,49586850217_c0a52ec580_o.png,,,
/Users/eddiedickey/Flickr/2020,49586108323_c4412b8cb2_o.jpg,2020:02:23 11:30:30,37.9137916666667,-122.497208333333
/Users/eddiedickey/Flickr/2020,49586118673_8db4e3912d_o.jpg,2020:02:09 12:36:33,37.9262472222222,-122.506758333333
/Users/eddiedickey/Flickr/2020,49586206383_5d11286324_o.jpg,2020:01:26 11:35:45,37.7862277777778,-122.400269444444
/Users/eddiedickey/Flickr/2020,49586602081_1fca45ee38_o.jpg,2020:02:23 11:30:32,37.9137916666667,-122.497208333333
/Users/eddiedickey/Flickr/2020,49586776421_2c309f81b7_o.jpg,2020:01:26 11:35:23,37.7863222222222,-122.400038888889
/Users/eddiedickey/Flickr/2020,49586131663_a97e7e3568_o.jpg,2020:01:28 12:51:59,37.7870972222222,-122.397880555556
/Users/eddiedickey/Flickr/2020,49586131608_989c56df5f_o.jpg,2020:01:28 12:54:27,37.7793666666667,-122.409691666667
/Users/eddiedickey/Flickr/2020,video_49589003142.mov,2020:02:09 20:21:18,37.9117,-122.4937
/Users/eddiedickey/Flickr/2020,49586871132_8a74d74b04_o.jpg,2020:01:28 12:51:49,37.7849,-122.401236111111
/Users/eddiedickey/Flickr/2020,49586206473_daefb7501d_o.jpg,2020:01:26 11:46:45,37.7860138888889,-122.400627777778
/Users/eddiedickey/Flickr/2020,49690837026_386c2e39f9_o.jpg,2020:03:22 12:08:48,37.9138222222222,-122.497322222222
/Users/eddiedickey/Flickr/2020,49586111078_087d16d231_o.png,,,
/Users/eddiedickey/Flickr/2020,49586162138_1a0f7552aa_o.jpg,2020:01:26 12:36:20,37.7789027777778,-122.414658333333
/Users/eddiedickey/Flickr/2020,49586206418_14772d74f6_o.jpg,2020:01:26 11:36:02,37.7862583333333,-122.400305555556
/Users/eddiedickey/Flickr/2020,video_49589003742.mov,2019:12:20 22:19:14,37.9173,-122.5085
/Users/eddiedickey/Flickr/2020,49586850697_f7826dea9b_o.jpg,2020:02:11 20:49:06,37.9157111111111,-122.508408333333
/Users/eddiedickey/Flickr/2020,49586901707_d7627bb3fa_o.jpg,2020:01:26 12:26:57,37.7880333333333,-122.403227777778
/Users/eddiedickey/Flickr/2020,49588999787_6ddc4d915f_o.jpg,2020:01:01 10:19:45,37.9178305555556,-122.493233333333
/Users/eddiedickey/Flickr/2020,49586108348_c4a0d5c74d_o.jpg,2020:02:23 11:30:28,37.9137916666667,-122.497208333333
/Users/eddiedickey/Flickr/2020,49588756336_641611c9ba_o.jpg,2020:01:01 10:19:47,37.9178305555556,-122.493233333333
/Users/eddiedickey/Flickr/2020,49586118493_5bb71deab6_o.jpg,2020:01:28 18:07:32,37.7944638888889,-122.3947
/Users/eddiedickey/Flickr/2020,49586847822_98567291d8_o.jpg,2020:02:23 11:30:38,37.9137944444444,-122.497208333333
/Users/eddiedickey/Flickr/2020,49586698686_4f864126df_o.jpg,2020:01:26 11:49:09,37.7858972222222,-122.40075
/Users/eddiedickey/Flickr/2020,49586871227_8c7103869c_o.jpg,2020:01:28 12:54:19,37.7793666666667,-122.409691666667
/Users/eddiedickey/Flickr/2020,49586111578_796b1a91e8_o.jpg,2020:02:22 10:20:46,37.9689638888889,-122.531783333333
/Users/eddiedickey/Flickr/2020,49586653971_41bba846cc_o.jpg,2020:01:26 12:42:00,37.77935,-122.41465
/Users/eddiedickey/Flickr/2020,49586108438_b6b25bd25a_o.jpg,2020:02:23 11:30:40,37.9137944444444,-122.497208333333
/Users/eddiedickey/Flickr/2020,49586284078_edf81c77b7_o.jpg,2020:01:10 10:26:24,37.9157027777778,-122.508216666667
/Users/eddiedickey/Flickr/2020,49586946547_8bbb7a24e6_o.jpg,2020:01:26 11:46:44,37.7860138888889,-122.400627777778
/Users/eddiedickey/Flickr/2020,49586118633_6af2b495a1_o.jpg,2020:02:09 12:12:46,37.8967055555556,-122.490813888889
/Users/eddiedickey/Flickr/2020,49586847807_ee30353c3e_o.jpg,2020:02:23 11:30:36,37.9137944444444,-122.497208333333
/Users/eddiedickey/Flickr/2020,49586699006_e4b77b91f9_o.jpg,2020:01:26 11:36:26,37.7863277777778,-122.400466666667
/Users/eddiedickey/Flickr/2020,49586775866_1fdba2c874_o.png,,,
/Users/eddiedickey/Flickr/2020,49588759101_5150e22b48_o.jpg,2020:01:01 12:31:32,37.8899611111111,-122.105269444444
/Users/eddiedickey/Flickr/2020,49586858117_e911652a6c_o.jpg,2020:02:08 21:37:05,37.9345666666667,-122.535233333333
/Users/eddiedickey/Flickr/2020,49586624656_99fa1e49e5_o.jpg,2020:01:28 12:52:24,37.7830472222222,-122.404061111111
/Users/eddiedickey/Flickr/2020,49586858362_5572ab2b49_o.jpg,2020:02:09 12:13:00,37.9119527777778,-122.491263888889
/Users/eddiedickey/Flickr/2020,video_49588269713.mov,2019:12:20 22:19:52,37.9174,-122.5084
/Users/eddiedickey/Flickr/2020,49586775881_4bd26354a0_o.png,,,
/Users/eddiedickey/Flickr/2020,49586131628_06731920df_o.jpg,2020:01:28 12:51:50,37.7849,-122.401236111111
/Users/eddiedickey/Flickr/2020,49586901332_5e83c4e42f_o.jpg,2020:01:26 11:57:57,37.7858972222222,-122.401091666667
/Users/eddiedickey/Flickr/2020,49586851087_241a7a07b8_o.jpg,2020:02:18 17:33:34,37.7918472222222,-122.40245
/Users/eddiedickey/Flickr/2020,49586206268_435f813249_o.jpg,2020:01:26 11:35:44,37.7862277777778,-122.400269444444
/Users/eddiedickey/Flickr/2020,video_49588761746.mov,2019:12:24 05:12:19,37.9157,-122.5082
/Users/eddiedickey/Flickr/2020,49586612246_348f5f2c2d_o.jpg,2020:02:09 12:12:45,37.8967055555556,-122.490813888889
/Users/eddiedickey/Flickr/2020,49586161888_e4d9b99195_o.jpg,2020:01:26 16:44:02,37.7998,-122.439291666667
/Users/eddiedickey/Flickr/2020,49586161998_e81dcd83d9_o.jpg,2020:01:26 12:41:17,37.7794305555556,-122.414763888889
/Users/eddiedickey/Flickr/2020,49586612091_b65527b46e_o.jpg,2020:01:28 18:07:28,37.7944638888889,-122.394730555556
/Users/eddiedickey/Flickr/2020,49586284423_10d2d36044_o.jpg,2020:01:18 12:48:31,38.2276472222222,-122.620522222222
/Users/eddiedickey/Flickr/2018,video_40945337311.mov,2018:03:13 03:31:14,19.9257,-155.8664
/Users/eddiedickey/Flickr/2018,25754618788_32c2451283_o.jpg,2018:01:01 12:53:18,34.1649805555556,-118.168419444444
/Users/eddiedickey/Flickr/2018,38917876464_d4ce0d258d_o.jpg,2018:01:01 14:41:27,34.1617666666667,-118.168488888889
/Users/eddiedickey/Flickr/2018,video_42796385344.mov,2018:07:14 02:48:55,32.9609,-97.048
/Users/eddiedickey/Flickr/2018,41277778882_d237ed7e54_o.jpg,2018:03:31 17:39:57,37.8052333333333,-122.463363888889
/Users/eddiedickey/Flickr/2018,27448149428_b761d48722_o.jpg,2018:03:31 16:09:13,37.8083222222222,-122.470641666667
/Users/eddiedickey/Flickr/2018,41277780062_de60dbbb6b_o.jpg,2018:03:31 16:32:52,37.8052333333333,-122.468583333333
/Users/eddiedickey/Flickr/2018,40606801944_28566a0dae_o.jpg,2018:03:31 17:49:20,37.8049166666667,-122.459258333333
/Users/eddiedickey/Flickr/2018,27448136678_4cb6fdc592_o.jpg,2018:03:31 17:49:19,37.8049166666667,-122.459258333333
/Users/eddiedickey/Flickr/2018,27448148028_d781104331_o.jpg,2018:03:31 16:32:34,37.8052833333333,-122.468605555556
/Users/eddiedickey/Flickr/2018,27448134558_da221b230a_o.jpg,2018:03:31 17:40:08,37.8052222222222,-122.463302777778
/Users/eddiedickey/Flickr/2018,38917877214_d8b8381ba1_o.jpg,2018:01:01 14:40:17,34.1617194444444,-118.168341666667
/Users/eddiedickey/Flickr/2018,24757785257_443bc01078_o.jpg,2018:01:01 13:48:52,34.1599805555556,-118.167533333333
/Users/eddiedickey/Flickr/2018,25754637418_ff88e5e44e_o.jpg,2018:01:01 12:31:47,34.1652611111111,-118.169691666667
/Users/eddiedickey/Flickr/2018,27448147328_60768b591e_o.jpg,2018:03:31 17:35:42,37.8057166666667,-122.46585
/Users/eddiedickey/Flickr/2018,25754618848_35a1f1ea30_o.jpg,2018:01:01 12:53:13,34.1650055555556,-118.168433333333
/Users/eddiedickey/Flickr/2018,25754615248_694c9983df_o.jpg,2018:01:01 14:07:52,34.1617916666667,-118.168030555556
/Users/eddiedickey/Flickr/2018,27448149998_6fb64fa251_o.jpg,2018:03:31 16:09:09,37.8083222222222,-122.470641666667
/Users/eddiedickey/Flickr/2018,video_40055150852.mov,2018:01:04 00:43:21,37.7926,-122.4016
/Users/eddiedickey/Flickr/2018,41277771122_72e4c8230b_o.jpg,2018:03:31 17:49:29,37.8048888888889,-122.459288888889
/Users/eddiedickey/Flickr/2018,video_43434532781.mov,2018:06:10 03:05:50,38.0136,-122.5151
/Users/eddiedickey/Flickr/2018,40424570245_ffe7899d7e_o.jpg,2018:03:31 17:49:30,37.8048888888889,-122.459288888889
/Users/eddiedickey/Flickr/2018,video_40236629084.mov,2018:03:16 22:30:10,19.671,-156.0261
/Users/eddiedickey/Flickr/2018,video_40050831635.mov,2018:03:16 22:20:37,19.6726,-156.0262
/Users/eddiedickey/Flickr/2018,40606803054_16c15bd68e_o.jpg,2018:03:31 17:49:26,37.8048972222222,-122.459280555556
/Users/eddiedickey/Flickr/2018,39596545942_5a5abecff5_o.jpg,2018:01:01 14:41:26,34.1617666666667,-118.168488888889
/Users/eddiedickey/Flickr/2018,24757798887_497c25b166_o.jpg,2018:01:01 12:31:44,34.1653111111111,-118.169691666667
/Users/eddiedickey/Flickr/2018,39596555972_a3f71b26ce_o.jpg,2018:01:01 14:08:16,34.1613222222222,-118.168380555556
/Users/eddiedickey/Flickr/2018,39625956361_b1ee4034ac_o.jpg,2018:01:01 14:12:12,34.1617555555556,-118.168502777778
/Users/eddiedickey/Flickr/2018,38917883374_788fcd95be_o.jpg,2018:01:01 13:48:41,34.1600444444444,-118.167458333333
/Users/eddiedickey/Flickr/2018,24757787007_c80a745a32_o.jpg,2018:01:01 12:53:12,34.1650055555556,-118.168433333333
/Users/eddiedickey/Flickr/2018,39625945381_7424d30352_o.jpg,2018:01:01 14:41:31,34.1617666666667,-118.168488888889
/Users/eddiedickey/Flickr/2018,26448951847_13c8315145_o.jpg,2018:03:31 17:35:39,37.8056055555556,-122.465683333333
/Users/eddiedickey/Flickr/2018,video_43464842812.mov,2018:07:08 23:29:20,37.9156,-122.5082
/Users/eddiedickey/Flickr/2018,27848694429_11b54b3427_o.jpg,2018:01:01 14:40:15,34.1617194444444,-118.168341666667
/Users/eddiedickey/Flickr/2018,24757803547_b2a8fc6a14_o.jpg,2018:01:01 11:16:23,34.1564944444444,-118.167258333333
/Users/eddiedickey/Flickr/2018,video_43512317461.mov,2018:06:09 03:32:58,38.018,-122.5725
/Users/eddiedickey/Flickr/2018,39596564592_2837657ede_o.jpg,2018:01:01 12:51:53,34.1644555555556,-118.167061111111
/Users/eddiedickey/Flickr/2018,27848683189_4212b39386_o.jpg,2018:01:01 16:41:31,34.1613111111111,-118.168380555556
/Users/eddiedickey/Flickr/2018,25754599058_08ce55b184_o.jpg,2018:01:01 14:41:30,34.1617666666667,-118.168488888889
/Users/eddiedickey/Flickr/2018,40606811894_0427512d77_o.jpg,2018:03:31 13:54:06,37.7893361111111,-122.439688888889
/Users/eddiedickey/Flickr/2018,26448944057_6efdc39a79_o.jpg,2018:03:31 18:06:41,37.8020944444444,-122.459594444444
/Users/eddiedickey/Flickr/2018,video_29564001138.mov,2018:05:13 04:02:28,38.018,-122.5724
/Users/eddiedickey/Flickr/2018,24757802537_9b3e08c5da_o.jpg,2018:01:01 11:16:34,34.1564944444444,-118.167258333333
/Users/eddiedickey/Flickr/2018,41320378851_4cb785a43c_o.jpg,2018:03:31 17:40:07,37.8052222222222,-122.463302777778
/Users/eddiedickey/Flickr/2018,38729709655_6be6e121c4_o.jpg,2018:01:01 12:55:25,34.164075,-118.16845
/Users/eddiedickey/Flickr/2018,25754624438_7983d5238f_o.jpg,2018:01:01 12:51:52,34.1644555555556,-118.167061111111
/Users/eddiedickey/Flickr/2018,39596569032_c4f2be9e59_o.jpg,2018:01:01 11:16:36,34.1564944444444,-118.167258333333
/Users/eddiedickey/Flickr/2011,retrospective_15192630801_o.jpg,2011:01:27 19:18:50,38.0221666666667,-122.55
/Users/eddiedickey/Flickr/2011,siblings_15008966410_o.jpg,2011:02:04 15:19:35,,
/Users/eddiedickey/Flickr/2011,golden-gate_15195395832_o.jpg,2011:12:05 00:37:52,,
/Users/eddiedickey/Flickr/2011,north-beach_15195220142_o.jpg,2011:01:28 11:48:41,37.8015,-122.405833333333
/Users/eddiedickey/Flickr/2016,video_29499389122.mov,2016:07:05 04:23:55,37.8564,-122.4806
/Users/eddiedickey/Flickr/2016,video_26839478214.mov,2016:06:03 22:42:21,19.7923,-156.0277
/Users/eddiedickey/Flickr/2016,video_25724545180.mov,2016:03:15 01:27:08,37.9087,-122.5493
/Users/eddiedickey/Flickr/2016,video_27260170470.mov,2016:06:08 06:06:29,19.5663,-155.967
/Users/eddiedickey/Flickr/2016,video_27463729250.mov,2016:06:09 19:22:06,19.5958,-155.9731
/Users/eddiedickey/Flickr/2016,video_34580266626.mov,2016:10:01 00:34:31,37.9069,-122.5468
/Users/eddiedickey/Flickr/2016,video_26841446533.mov,2016:06:03 22:46:54,19.7912,-156.0287
/Users/eddiedickey/Flickr/2016,video_34489035001.mov,2016:10:30 04:37:36,38.0886,-122.5536
/Users/eddiedickey/Flickr/2016,video_27523047036.mov,2016:06:08 05:04:54,19.566,-155.9674
/Users/eddiedickey/Flickr/2016,video_32848170602.mov,2016:09:11 19:32:03,38.0182,-122.5726
/Users/eddiedickey/Flickr/2016,video_27436421406.mov,2016:06:04 05:03:55,19.5652,-155.9667
/Users/eddiedickey/Flickr/2016,video_28985474374.mov,2016:06:26 18:34:29,37.793,-122.3971
/Users/eddiedickey/Flickr/2016,video_26863301583.mov,2016:06:04 04:59:05,19.5653,-155.9667
/Users/eddiedickey/Flickr/2016,video_27522717946.mov,2016:06:08 04:49:19,19.566,-155.9673
/Users/eddiedickey/Flickr/2016,video_27741719545.mov,2016:06:10 22:07:08,19.4292,-155.2587
/Users/eddiedickey/Flickr/2016,video_29319757870.mov,2016:06:26 18:58:36,37.7842,-122.4078
/Users/eddiedickey/Flickr/2016,video_27464501241.mov,2016:06:08 04:51:59,19.566,-155.9673
/Users/eddiedickey/Flickr/2016,video_27641401392.mov,2016:06:11 22:50:40,19.6398,-155.9946
/Users/eddiedickey/Flickr/2016,video_27467487405.mov,2016:06:04 19:58:13,19.5652,-155.9667
/Users/eddiedickey/Flickr/2016,video_27368475622.mov,2016:06:04 23:55:44,19.5537,-155.9346
/Users/eddiedickey/Flickr/2016,video_34489634701.mov,2016:12:25 17:31:27,37.785,-122.4115
/Users/eddiedickey/Flickr/2003,15152324196_d93c653a7c_o.jpg,2003:10:18 14:02:28,,
